Simulation number,0.5 nN,1.0 nN,1.5 nN,2.0 nN,2.5 nN,3.0 nN
1,49,51,51,46,51,43
2,50,51,49,49,46,37
3,50,51,50,46,34,19
Average,49.666666666666664,51,50,47, 43.666666666666664, 33