Simulation number,0.5 nN,1.0 nN,1.5 nN,2.0 nN,2.5 nN,3.0 nN
1,4,18,16,16,23,34
2,7,11,13,13,24,37
3,5,2,9,9,44,60
Average,5.333333333333333,10.333333333333334,12.666666666666666,12.666666666666666, 30.333333333333332, 43.666666666666664