Simulation number,0.5 nN,1.0 nN,1.5 nN,2.0 nN,2.5 nN,3.0 nN
1,53,69,67,62,74,77
2,57,62,62,62,70,74
3,55,53,59,55,78,79
Average,55,61.333333333333336,62.666666666666664,59.666666666666664, 74, 76.66666666666667