Filtering Category,1500_1
0 mismatches,0.7570447654717317
1 mismatch,0.04998216515070448
2 mismatches,0.009913203733428452
3 to 10 mismatches,0.012573568753344035
5'-end not matching reference,0.14030081445811782
More than 10 mismatches,0.030185482432673445
