Filtering Category,400_2
0 mismatches,0.8403629527433709
1 mismatch,0.04177595172758835
2 mismatches,0.006685971588410983
3 to 10 mismatches,0.0066935520550645096
5'-end not matching reference,0.09706029503176215
More than 10 mismatches,0.00742127685380312
