Filtering Category,400_1
0 mismatches,0.8610196108472499
1 mismatch,0.044119618507737095
2 mismatches,0.005802819059292171
3 to 10 mismatches,0.004864409376436341
5'-end not matching reference,0.07811781829324345
More than 10 mismatches,0.006075723916041061
