Filtering Category,704_1
0 mismatches,0.8512805531210439
1 mismatch,0.04351446099912357
2 mismatches,0.005988898626935437
3 to 10 mismatches,0.004610965040412893
5'-end not matching reference,0.08999415717207128
More than 10 mismatches,0.004610965040412893
