Filtering Category,704_3
0 mismatches,0.8196636182673167
1 mismatch,0.04115339122407178
2 mismatches,0.006289126734558463
3 to 10 mismatches,0.004716845050918847
5'-end not matching reference,0.11734414216888325
More than 10 mismatches,0.01083287655425093
