Filtering Category,704_2
0 mismatches,0.8484098005512556
1 mismatch,0.047324579693046244
2 mismatches,0.00693646321742049
3 to 10 mismatches,0.004765004424283723
5'-end not matching reference,0.08753470774300505
More than 10 mismatches,0.005029444370988904
