Filtering Category,AT_1
0 mismatches,0.7382994986516769
1 mismatch,0.16543070378669908
2 mismatches,0.011372915796270273
3 to 10 mismatches,0.013628033727069012
5'-end not matching reference,0.03775779558661552
More than 10 mismatches,0.033511052451669264
