Filtering Category,AT_2
0 mismatches,0.7428559793674494
1 mismatch,0.1546219628071128
2 mismatches,0.01167367992398534
3 to 10 mismatches,0.013959549341658748
5'-end not matching reference,0.044188950726211484
More than 10 mismatches,0.03269987783358219
