Filtering Category,AT_3
0 mismatches,0.743847380753225
1 mismatch,0.16076559001241694
2 mismatches,0.011416829887935827
3 to 10 mismatches,0.01345081801131552
5'-end not matching reference,0.037785940284394665
More than 10 mismatches,0.03273344105071203
