Sample number,AT,GC,704,400,1500
1,7.41972393663641,5.999497053848898,7.100550230979628,6.796660463268999,9.924895601275727
2,7.249990266732021,5.687116363292709,7.741294134256875,7.171748672381959,9.637997371758802
3,7.45502288180971,5.850122004818597,6.304742638505993,7.3928878241137745,9.594103201802936
Average,7.374912361726047,5.845578473986735,7.048862334580832,7.120432319921577,9.718998724945822
