Sample number,AT,GC,704,400,1500
1,352.3755979573487,354.0729149244081,353.4239871813143,201.12288794472255,749.9644589953829
2,352.1865703204603,354.137523082918,353.3508831191724,200.8478922336454,749.8029697052818
3,352.337093024437,354.0250786970616,353.22841845950904,200.85568264988902,750.6025243320316
Average,352.2997537674153,354.07850556812923,353.33442958666524,200.94215427608566,750.1233176775654
