Sample number,ATMi0,ATMi1,ATMi2,ATMi3,ATMi4
1,-0.6813003085302584,-0.2695494476241182,0.26816162774036395,-0.1477900552486188,-0.6593275810770604
2,0.49274739443429677,-0.20095181007392876,0.0029723991507431,0.009218359900134435,-0.1849986978036288
3,-0.005058188931260003,-0.1749716231555051,-0.32968321210667945,-0.8647037426238784,-0.4035130785805853
Average,-0.06453703434240719,-0.215157626951184,-0.019516395071857467,-0.3344251459907876,-0.4159464524870915
