Sample number,ATMi0,ATMi1,ATMi2,ATMi3,ATMi4
1,3.910632178367807,4.402266848306221,4.652049150360321,4.987849254334063,4.816093722841301
2,4.323455741858346,4.435642362254627,4.619617642757671,4.9769961077104865,4.841925339627678
3,4.111844532982608,4.655483245018274,4.671080651871444,4.777267657477583,4.864276587493871
Average,4.115310817736254,4.497797485193041,4.647582481663146,4.914037673174044,4.840765216654283
