Compared Sample,ATMi0,ATMi1,ATMi2,ATMi3,ATMi4
ATMi0,1.0,0.0,0.0,0.0,0.0
ATMi1,0.0,1.0,4.510287951925297e-57,6.3614962386368e-309,1.5759301822952306e-172
ATMi2,0.0,4.510287951925297e-57,1.0,4.50145380514131e-59,4.108260914499708e-16
ATMi3,0.0,6.3614962386368e-309,4.50145380514131e-59,1.0,1.1081672906005439e-16
ATMi4,0.0,1.5759301822952306e-172,4.108260914499708e-16,1.1081672906005439e-16,1.0
