Compared Sample,ATMi0,ATMi1,ATMi2,ATMi3,ATMi4
ATMi0,1.0,3.479471659606252e-07,9.103287424352728e-16,5.268683419387234e-44,5.1144993035935066e-20
ATMi1,3.479471659606252e-07,1.0,1.0176547450975876e-06,1.1725690256577546e-78,4.393503246491796e-44
ATMi2,9.103287424352728e-16,1.0176547450975876e-06,1.0,3.0103937868484573e-77,6.261182717907156e-49
ATMi3,5.268683419387234e-44,1.1725690256577546e-78,3.0103937868484573e-77,1.0,6.814612364587496e-06
ATMi4,5.1144993035935066e-20,4.393503246491796e-44,6.261182717907156e-49,6.814612364587496e-06,1.0
