Filtering Category,ATMi_2_2
0 mismatches,0.8295062170984359
1 mismatch,0.059674081900916366
2 mismatches,0.006308295125065253
3 to 10 mismatches,0.008717145606520878
5'-end not matching reference,0.06767423284716063
More than 10 mismatches,0.02812002742190104
