Filtering Category,ATMi_4_1
0 mismatches,0.8214875115633673
1 mismatch,0.06393339500462535
2 mismatches,0.007611470860314524
3 to 10 mismatches,0.011141535615171137
5'-end not matching reference,0.06957261794634598
More than 10 mismatches,0.026253469010175765
