Filtering Category,ATMi_4_2
0 mismatches,0.7969674512007077
1 mismatch,0.06559664829844966
2 mismatches,0.008603377998780765
3 to 10 mismatches,0.012108679281368412
5'-end not matching reference,0.08996641126477725
More than 10 mismatches,0.02675743195591628
