Filtering Category,ATMi_0_3
0 mismatches,0.8416692594897324
1 mismatch,0.06757869218004563
2 mismatches,0.006469093549056212
3 to 10 mismatches,0.005441687409251193
5'-end not matching reference,0.07084889027172786
More than 10 mismatches,0.007992377100186684
