Filtering Category,ATMi_3_3
0 mismatches,0.8149149369925727
1 mismatch,0.06391051395462512
2 mismatches,0.007877418662597313
3 to 10 mismatches,0.012577641602784965
5'-end not matching reference,0.07482504560140202
More than 10 mismatches,0.025894443186017954
