Filtering Category,ATMi_2_3
0 mismatches,0.8192179012391675
1 mismatch,0.061801897125995695
2 mismatches,0.007388061369716027
3 to 10 mismatches,0.008949129304113916
5'-end not matching reference,0.07729707979702391
More than 10 mismatches,0.025345931163982923
