Filtering Category,ATMi_4_3
0 mismatches,0.8263184202443827
1 mismatch,0.06204419124244961
2 mismatches,0.007214650920500328
3 to 10 mismatches,0.010572053164389254
5'-end not matching reference,0.06687102155361907
More than 10 mismatches,0.02697966287465899
