Filtering Category,ATMi0_1
0 mismatches,0.8387853692201518
1 mismatch,0.06978678580509244
2 mismatches,0.007064763357669536
3 to 10 mismatches,0.0055355780756238425
5'-end not matching reference,0.0714431005048854
More than 10 mismatches,0.007384403036576949
