Filtering Category,ATMi_1_1
0 mismatches,0.8326862073340947
1 mismatch,0.06018906230173836
2 mismatches,0.006885758998435055
3 to 10 mismatches,0.007856447997293068
5'-end not matching reference,0.06471259992386753
More than 10 mismatches,0.02766992344457133
