Sample number,ATMi0,ATMi1,ATMi2,ATMi3,ATMi4
1,3.8668484347426757,4.823673913214484,5.421726400822995,6.118859935383888,5.392326567506411
2,4.830209714478572,4.728586320051933,5.318194322071871,6.0293072004250226,5.5672102364987675
3,4.31036791020252,5.34912938750253,5.403711609341555,5.602125741998182,5.569095050741707
Average,4.335808686474589,4.967129873589649,5.38121077741214,5.916764292602364,5.5095439515822955
