Sample number,ATMi0,ATMi1,ATMi2,ATMi3,ATMi4
1,-0.494029148413631,-0.1271779120430665,0.2820405004540021,-0.19110875536313188,-0.7857215712261905
2,0.5346741924298613,-0.13003977157171676,-0.06600902897281458,-0.012372729129822346,-0.23516684673961663
3,0.006772147611229684,-0.07564288207123582,-0.35655994114443956,-1.171735216555021,-0.49419373310701076
Average,0.015805730542486646,-0.11095352189533969,-0.04684282322108402,-0.4584055670159917,-0.5050273836909392
