Sample number,ATMi0,ATMi1,ATMi2,ATMi3,ATMi4
1,352.50597085158637,352.87282208795693,353.282040500454,352.80889124463687,352.2142784287738
2,353.53467419242986,352.8699602284283,352.9339909710272,352.9876272708702,352.7648331532604
3,353.00677214761123,352.92435711792876,352.64344005885556,351.828264783445,352.505806266893
Average,353.01580573054247,352.88904647810466,352.9531571767789,352.541594432984,352.49497261630904
