Sample number,704,AT,GC,400,1500
1,-0.1065954606141522,-1.2434359626333535,0.8003866841831296,-0.623335462630829,-1.474820143884892
2,-0.17053100093158058,-1.2560428626100268,1.0803668630228918,-0.6905880742734614,-1.3636868406440865
3,0.02689075630252101,-1.1416884775379637,0.8949506787772243,-0.8495138757787427,-0.7646757504354063
Average,-0.08341190174773726,-1.213722434260448,0.9252347419944152,-0.7211458042276777,-1.201060911654795
