Simulation number, GC*, 704*-like, AT*
1,50,49,44
2,49,50,49
3,50,47,47
4,,42,
5,,44,
6,,45,
7,,47,
8,,48,
9,,48,
10,,42,
11,,49,
12,,48,
13,,49,
14,,51,
15,,47,
16,,49,
17,,49,
18,,49,
19,,48,
20,,49,
21,,49,
22,,49,
23,,50,
24,,50,
25,,50,
26,,49,
27,,49,
28,,49,
29,,51,
30,,51,
31,,50,
32,,51,
33,,49,
34,,48,
35,,50,
36,,51,
37,,49,
38,,51,
Average,49.666666666666664,48.578947368421055,46.666666666666664