Sample number,ATMi0,ATMi1,ATMi2,ATMi3,ATMi4
1,-1.3808986331869626,-0.312964691242806,0.626102646351243,0.18414619951111627,-0.448878061289909
2,0.18810214198858854,-0.06329156789705384,0.4316195664510271,0.4715164482481947,0.0396675170767838
3,-0.3780196629213483,-0.030325177417646437,-0.1320475521669342,-0.9108323572750973,-0.15529240677261869
Average,-0.5236053847065741,-0.13552714551916875,0.30855822021177864,-0.08505656983859543,-0.1881676503285813
