Sample number,400,1500,704,GC,AT
1,-0.623335462630829,-1.474820143884892,-0.1065954606141522,0.8003866841831296,-1.2434359626333535
2,-0.6905880742734614,-1.3636868406440865,-0.17053100093158058,1.0803668630228918,-1.2560428626100268
3,-0.8495138757787427,-0.7646757504354063,0.02689075630252101,0.8949506787772243,-1.1416884775379637
Average,-0.7211458042276777,-1.201060911654795,-0.08341190174773726,0.9252347419944152,-1.213722434260448
