Sample number,704,AT,GC,400,1500
1,7.404168877015084,7.995498891360992,7.335402398763506,7.337839916881034,8.966021426456448
2,7.846943394084616,7.90237396894821,6.92241463400355,7.71089878337389,8.826092477710166
3,7.004801648567156,8.015799249939057,7.0022083992487,7.784576461062731,8.733687723400232
Average,7.418637973222285,7.97122403674942,7.086675144005252,7.611105053772551,8.841933875855615
