Compared Sample,ATMi0,ATMi1,ATMi2,ATMi3,ATMi4
ATMi0,1.0,2.2302346389087157e-05,8.972965416682348e-29,9.943266629114157e-128,3.616102892344058e-15
ATMi1,2.2302346389087157e-05,1.0,1.769171268850419e-21,2.917207246239762e-134,5.5538431611426146e-08
ATMi2,8.972965416682348e-29,1.769171268850419e-21,1.0,1.758716307006514e-30,9.145790447403395e-05
ATMi3,9.943266629114157e-128,2.917207246239762e-134,1.758716307006514e-30,1.0,1.7682037745610958e-60
ATMi4,3.616102892344058e-15,5.5538431611426146e-08,9.145790447403395e-05,1.7682037745610958e-60,1.0
