Compared Sample,704*,AT*,GC*,1500*,400*
704*,1.0,5.797544974020867e-277,1.7684698422491163e-254,2.6415253784036865e-27,6.7297539233822265e-68
AT*,5.797544974020867e-277,1.0,0.0,0.0009079541459767856,5.575476157459437e-64
GC*,1.7684698422491163e-254,0.0,1.0,3.650802526630731e-139,0.0
1500*,2.6415253784036865e-27,0.0009079541459767856,3.650802526630731e-139,1.0,0.00229448927817559
400*,6.7297539233822265e-68,5.575476157459437e-64,0.0,0.00229448927817559,1.0
