Compared Sample,ATMi0,ATMi1,ATMi2,ATMi3,ATMi4
ATMi0,1.0,7.77514748228884e-217,7.75803954876943e-252,1.20822648216312e-31,9.42847261974098e-100
ATMi1,7.77514748228884e-217,1.0,1.1251027250291758e-36,4.1929293534645825e-37,0.00010250551906033995
ATMi2,7.75803954876943e-252,1.1251027250291758e-36,1.0,9.564197591677833e-90,4.920661348164252e-42
ATMi3,1.20822648216312e-31,4.1929293534645825e-37,9.564197591677833e-90,1.0,1.841589720101335e-14
ATMi4,9.42847261974098e-100,0.00010250551906033995,4.920661348164252e-42,1.841589720101335e-14,1.0
