Simulation number, GC*, 704*-like, AT*
1,49,47,47
2,50,44,49
3,50,42,44
4,,45,
5,,49,
6,,50,
7,,48,
8,,49,
9,,47,
10,,42,
11,,48,
12,,48,
13,,47,
14,,49,
15,,49,
16,,49,
17,,49,
18,,51,
19,,48,
20,,49,
21,,49,
22,,50,
23,,49,
24,,49,
25,,50,
26,,49,
27,,50,
28,,51,
29,,50,
30,,51,
31,,51,
32,,49,
33,,51,
34,,48,
35,,50,
36,,49,
37,,49,
38,,51,
Average,49.666666666666664,48.578947368421055,46.666666666666664