Simulation number, GC*, 704*-like, AT*
1,5,15,19
2,4,12,6
3,10,9,11
4,,9,
5,,8,
6,,4,
7,,14,
8,,13,
9,,6,
10,,15,
11,,7,
12,,8,
13,,7,
14,,11,
15,,7,
16,,6,
17,,6,
18,,5,
19,,8,
20,,8,
21,,8,
22,,4,
23,,13,
24,,11,
25,,10,
26,,4,
27,,10,
28,,13,
29,,7,
30,,9,
31,,10,
32,,13,
33,,5,
34,,18,
35,,13,
36,,8,
37,,19,
38,,5,
Average,6.333333333333333,9.421052631578947,12