Sample number,ATMi0 data,ATMi1 data,ATMi2 data,ATMi3 data,ATMi4 data
1,5.988048349269408,6.034210166056393,6.309792088099003,6.726539945920848,6.113367190785723
2,7.080261014466281,6.120273906452906,6.268173630096148,6.683711527105963,6.089043525048892
3,6.482615723406405,6.250820729314766,6.186292563929959,6.24761738912883,5.987776243459925
Average,6.516975029047365,6.135101600608022,6.25475276070837,6.5526229540518806,6.06339565309818
