Filtering Category,1500_2
0 mismatches,0.714115490375802
1 mismatch,0.07415215398716773
2 mismatches,0.015948670944087993
3 to 10 mismatches,0.016865261228230982
5'-end not matching reference,0.15354720439963337
More than 10 mismatches,0.02537121906507791
