Filtering Category,1500_3
0 mismatches,0.6909385113268608
1 mismatch,0.09125430629502036
2 mismatches,0.01990030274558931
3 to 10 mismatches,0.01735567386992379
5'-end not matching reference,0.1491804990082472
More than 10 mismatches,0.03137070675435849
