Filtering Category,400_3
0 mismatches,0.8641816112630555
1 mismatch,0.04429229611409901
2 mismatches,0.006323537509866187
3 to 10 mismatches,0.004726591897795481
5'-end not matching reference,0.07405146937352007
More than 10 mismatches,0.00642449384166376
