Filtering Category,ATMi1_2
0 mismatches,0.7836722417261647
1 mismatch,0.06477555126030532
2 mismatches,0.008801427951560097
3 to 10 mismatches,0.01134077551181413
5'-end not matching reference,0.1033218610705692
More than 10 mismatches,0.028088142479586603
