Filtering Category,ATMi3_2
0 mismatches,0.8194210471082733
1 mismatch,0.06011565801901122
2 mismatches,0.006489884065815709
3 to 10 mismatches,0.012032521223301722
5'-end not matching reference,0.07069002656709988
More than 10 mismatches,0.03125086301649811
