Filtering Category,ATMi1_3
0 mismatches,0.8201469162684437
1 mismatch,0.061387228611651
2 mismatches,0.007172884790561507
3 to 10 mismatches,0.008853458816193914
5'-end not matching reference,0.07375284357996366
More than 10 mismatches,0.028686667933186222
