Filtering Category,ATMi0_2
0 mismatches,0.8060231296551483
1 mismatch,0.0679629855744911
2 mismatches,0.00740462941966544
3 to 10 mismatches,0.007142981736991749
5'-end not matching reference,0.10240454220377121
More than 10 mismatches,0.009061731409932145
