Filtering Category,ATMi2_1
0 mismatches,0.8303589762735911
1 mismatch,0.05960770221583379
2 mismatches,0.0059059344023595734
3 to 10 mismatches,0.009105079430267506
5'-end not matching reference,0.06537129683212306
More than 10 mismatches,0.02965101084582501
