Filtering Category,ATMi3_1
0 mismatches,0.7755502380721019
1 mismatch,0.06557003692546885
2 mismatches,0.009738485084054027
3 to 10 mismatches,0.014351132057137304
5'-end not matching reference,0.10520418326693227
More than 10 mismatches,0.029585924594305705
