Sample number,704,AT,GC,400,1500,ATMi0,ATMi1,ATMi2,ATMi3,ATMi4
1,-0.1065954606141522,-1.2434359626333535,0.8003866841831296,-0.623335462630829,-1.474820143884892,-1.3808986331869626,-0.312964691242806,0.626102646351243,0.18414619951111627,-0.448878061289909
2,-0.17053100093158058,-1.2560428626100268,1.0803668630228918,-0.6905880742734614,-1.3636868406440865,0.18810214198858854,-0.06329156789705384,0.4316195664510271,0.4715164482481947,0.0396675170767838
3,0.02689075630252101,-1.1416884775379637,0.8949506787772243,-0.8495138757787427,-0.7646757504354063,-0.3780196629213483,-0.030325177417646437,-0.1320475521669342,-0.9108323572750973,-0.15529240677261869
Average,-0.08341190174773726,-1.213722434260448,0.9252347419944152,-0.7211458042276777,-1.201060911654795,-0.5236053847065741,-0.13552714551916875,0.30855822021177864,-0.08505656983859543,-0.1881676503285813
