Sample number,ATMi0,ATMi1,ATMi2,ATMi3
1,3.866848446060019,4.823673913214484,5.421726401947841,6.118859935623707
2,4.8302097157448385,4.728586327578639,5.318194315843932,6.0293072004250226
3,4.310367915899024,5.34912938750253,5.403711609341555,5.602125741998182
Average,4.33580869256796,4.967129876098551,5.38121077571111,5.916764292682304
