Sample number,ATMi0,ATMi1,ATMi2,ATMi3,ATMi4
1,-0.49402914736702996,-0.1271779120430665,0.2820405004143822,-0.19110875554662243,-0.7857215711892991
2,0.5346741929544692,-0.13003977146655643,-0.06600902902545158,-0.012372729129822346,-0.23516684673961663
3,0.006772147529204631,-0.07564288207123582,-0.35655994114443956,-1.171735216555021,-0.4941937329372763
Average,0.015805731038881277,-0.11095352186028624,-0.04684282325183631,-0.45840556707715524,-0.505027383622064
