Sample number,AT,GC,704,400,1500,ATMi0,ATMi1,ATMi2,ATMi3,ATMi4
1,352.3755979573487,354.0729149244081,353.4239871813143,201.12288794472255,749.9644589953829,352.50597085263297,352.87282208795693,353.2820405004144,352.8088912444534,352.2142784288107
2,352.1865703204603,354.137523082918,353.3508831191724,200.8478922336454,749.8029697052818,353.53467419295447,352.86996022853344,352.93399097097455,352.9876272708702,352.7648331532604
3,352.337093024437,354.0250786970616,353.22841845950904,200.85568264988902,750.6025243320316,353.0067721475292,352.92435711792876,352.64344005885556,351.828264783445,352.5058062670627
Average,352.2997537674153,354.07850556812923,353.33442958666524,200.94215427608566,750.1233176775654,353.0158057310389,352.88904647813973,352.95315717674816,352.54159443292286,352.49497261637794
