Sample number,AT,GC,704,400,1500
1,-1.6244020426512975,0.07291492440810998,-0.5760128186856832,-0.8771120552774505,-2.03554100461713
2,-1.813429679539695,0.1375230829179941,-0.6491168808275916,-1.1521077663545896,-2.197030294718161
3,-1.6629069755629757,0.025078697061587718,-0.7715815404909563,-1.1443173501109811,-1.397475667968365
Average,-1.7002462325846561,0.0785055681292306,-0.6655704133347436,-1.0578457239143404,-1.876682322434552
