Sample number,AT,GC,704,400,1500,ATMi0,ATMi1,ATMi2,ATMi3,ATMi4
1,7.41972393663641,5.999497053848898,7.100550230979628,6.796660463268999,9.924895601275727,3.866848446060019,4.823673913214484,5.421726401947841,6.118859935623707,5.39232657259043
2,7.249990266732021,5.687116363292709,7.741294134256875,7.171748672381959,9.637997371758802,4.8302097157448385,4.728586327578639,5.318194315843932,6.0293072004250226,5.5672102364987675
3,7.45502288180971,5.850122004818597,6.304742638505993,7.3928878241137745,9.594103201802936,4.310367915899024,5.34912938750253,5.403711609341555,5.602125741998182,5.569095060127064
Average,7.374912361726047,5.845578473986735,7.048862334580832,7.120432319921577,9.718998724945822,4.33580869256796,4.967129876098551,5.38121077571111,5.916764292682304,5.5095439564054205
