Filtering Category,GC_1
0 mismatches,0.6985323341739954
1 mismatch,0.1430558666888274
2 mismatches,0.011901750937615169
3 to 10 mismatches,0.015222245507034824
5'-end not matching reference,0.08199345295303614
More than 10 mismatches,0.04929434973949112
