Filtering Category,GC_2
0 mismatches,0.6963852840992205
1 mismatch,0.15001410569870227
2 mismatches,0.01221971454245293
3 to 10 mismatches,0.015550226736045806
5'-end not matching reference,0.07802279898856916
More than 10 mismatches,0.0478078699350093
