Filtering Category,GC_3
0 mismatches,0.700748122683147
1 mismatch,0.14395192722908592
2 mismatches,0.012259341719336223
3 to 10 mismatches,0.01474093307835099
5'-end not matching reference,0.07876599014093195
More than 10 mismatches,0.04953368514914785
