Compared Sample,704*,AT*,GC*,1500*,400*
704*,1.0,4.37496396975793e-08,0.0,2.025899184758189e-138,4.742074737287609e-16
AT*,4.37496396975793e-08,1.0,0.0,1.4570353946814773e-189,1.318253130119189e-05
GC*,0.0,0.0,1.0,0.0,0.0
1500*,2.025899184758189e-138,1.4570353946814773e-189,0.0,1.0,5.463402189338625e-189
400*,4.742074737287609e-16,1.318253130119189e-05,0.0,5.463402189338625e-189,1.0
