Compared Sample,704*,AT*,GC*,1500*,400*
704*,1.0,4.767588771199335e-30,2.3495418271e-313,1.2218751584729124e-230,0.08504776563795256
AT*,4.767588771199335e-30,1.0,0.0,9.93441635365131e-156,4.810705197783549e-46
GC*,2.3495418271e-313,0.0,1.0,0.0,3.0561265e-317
1500*,1.2218751584729124e-230,9.93441635365131e-156,0.0,1.0,3.4345096296777544e-241
400*,0.08504776563795256,4.810705197783549e-46,3.0561265e-317,3.4345096296777544e-241,1.0
